{
    "evaluation_frequency": {
        "frequency": 1,
        "period": "epoch"
    },
    "test": {
        "combined": {
            "loss": [
                1.2195476293563843,
                1.197842001914978,
                1.2002172470092773
            ]
        },
        "output": {
            "loss": [
                1.2195476293563843,
                1.197842001914978,
                1.2002172470092773
            ],
            "next_token_perplexity": [
                69273.3203125,
                68606.796875,
                68212.125
            ],
            "perplexity": [
                128210.7578125,
                128208.6796875,
                128212.1015625
            ],
            "sequence_accuracy": [
                0.0,
                0.0,
                0.0
            ],
            "token_accuracy": [
                0.0002546423056628555,
                0.00024233436852227896,
                0.00022124573297332972
            ]
        }
    },
    "training": {
        "combined": {
            "loss": [
                1.2249253988265991,
                1.076141357421875,
                1.0216000080108643
            ]
        },
        "output": {
            "loss": [
                1.2249253988265991,
                1.076141357421875,
                1.0216000080108643
            ],
            "next_token_perplexity": [
                69721.1796875,
                67001.578125,
                65826.96875
            ],
            "perplexity": [
                128214.1796875,
                128196.5703125,
                128228.984375
            ],
            "sequence_accuracy": [
                0.0,
                0.0,
                0.0
            ],
            "token_accuracy": [
                0.00016582316311541945,
                0.00023112261260394007,
                0.00011298816389171407
            ]
        }
    },
    "validation": {
        "combined": {
            "loss": [
                1.2430425882339478,
                1.2260022163391113,
                1.2286571264266968
            ]
        },
        "output": {
            "loss": [
                1.2430425882339478,
                1.2260022163391113,
                1.2286571264266968
            ],
            "next_token_perplexity": [
                69354.5390625,
                68726.078125,
                68346.3203125
            ],
            "perplexity": [
                128223.84375,
                128222.5,
                128227.1484375
            ],
            "sequence_accuracy": [
                0.0,
                0.0,
                0.0
            ],
            "token_accuracy": [
                0.00012439019337762147,
                0.0001251446083188057,
                8.48669878905639e-05
            ]
        }
    }
}